{
  "IcoMoonType": "selection",
  "icons": [
    {
      "icon": {
        "paths": [
          "M981.333 128.002c-40.858 28.82-86.097 50.863-133.973 65.28-25.698-29.546-59.849-50.488-97.835-59.993s-77.973-7.114-114.556 6.849c-36.582 13.963-67.998 38.825-89.988 71.222-21.995 32.398-33.506 70.768-32.981 109.922v42.667c-74.982 1.944-149.279-14.685-216.277-48.408s-145.949-114.021-189.056-175.402c0 0-149.333 414.528 234.667 585.195-87.871 59.648-192.548 89.557-298.667 85.333 384 213.333 853.333 0 853.333-490.665-0.038-11.885-1.182-23.74-3.413-35.413 43.546-42.944 74.274-97.164 88.747-156.587z"
        ],
        "attrs": [
          {
            "fill": "none",
            "strokeLinejoin": "round",
            "strokeLinecap": "round",
            "strokeMiterlimit": "4",
            "strokeWidth": 85.33333333333333
          }
        ],
        "isMulticolor": false,
        "isMulticolor2": false,
        "grid": 0,
        "tags": [
          "twitter"
        ]
      },
      "attrs": [
        {
          "fill": "none",
          "strokeLinejoin": "round",
          "strokeLinecap": "round",
          "strokeMiterlimit": "4",
          "strokeWidth": 85.33333333333333
        }
      ],
      "properties": {
        "order": 2,
        "id": 1,
        "name": "twitter",
        "prevSize": 32
      },
      "setIdx": 0,
      "setId": 1,
      "iconIdx": 0
    },
    {
      "icon": {
        "paths": [
          "M725.333 85.333h-426.667c-117.821 0-213.333 95.513-213.333 213.333v426.667c0 117.82 95.513 213.333 213.333 213.333h426.667c117.82 0 213.333-95.514 213.333-213.333v-426.667c0-117.821-95.514-213.333-213.333-213.333z",
          "M682.667 485.124c5.265 35.507-0.802 71.774-17.335 103.637s-42.692 57.702-74.756 73.839c-32.064 16.141-68.403 21.76-103.846 16.055-35.439-5.705-68.181-22.438-93.564-47.821s-42.117-58.125-47.82-93.564c-5.703-35.443-0.085-71.778 16.054-103.846 16.139-32.064 41.978-58.223 73.84-74.756 31.863-16.533 68.13-22.598 103.642-17.333 36.22 5.371 69.751 22.249 95.642 48.141 25.894 25.892 42.773 59.424 48.145 95.648z",
          "M746.667 277.333h0.427"
        ],
        "attrs": [
          {
            "fill": "none",
            "strokeLinejoin": "round",
            "strokeLinecap": "round",
            "strokeMiterlimit": "4",
            "strokeWidth": 85.33333333333333
          },
          {
            "fill": "none",
            "strokeLinejoin": "round",
            "strokeLinecap": "round",
            "strokeMiterlimit": "4",
            "strokeWidth": 85.33333333333333
          },
          {
            "fill": "none",
            "strokeLinejoin": "round",
            "strokeLinecap": "round",
            "strokeMiterlimit": "4",
            "strokeWidth": 85.33333333333333
          }
        ],
        "isMulticolor": false,
        "isMulticolor2": false,
        "grid": 0,
        "tags": [
          "instagram"
        ]
      },
      "attrs": [
        {
          "fill": "none",
          "strokeLinejoin": "round",
          "strokeLinecap": "round",
          "strokeMiterlimit": "4",
          "strokeWidth": 85.33333333333333
        },
        {
          "fill": "none",
          "strokeLinejoin": "round",
          "strokeLinecap": "round",
          "strokeMiterlimit": "4",
          "strokeWidth": 85.33333333333333
        },
        {
          "fill": "none",
          "strokeLinejoin": "round",
          "strokeLinecap": "round",
          "strokeMiterlimit": "4",
          "strokeWidth": 85.33333333333333
        }
      ],
      "properties": {
        "order": 3,
        "id": 0,
        "name": "instagram",
        "prevSize": 32
      },
      "setIdx": 0,
      "setId": 1,
      "iconIdx": 1
    },
    {
      "icon": {
        "paths": [
          "M494.448 451.389c-25.040-30.4-37.648-67.712-37.648-105.024 0-138.36 165.795-276.548 331.587-276.548 91.533 0 165.795 74.276 165.795 165.826 0 165.826-138.163 331.653-276.669 331.653-37.302 0-74.608-12.611-105.002-37.658l-408.269 408.349c-21.588 21.59-56.646 21.59-78.234 0-21.588-21.594-21.588-56.659 0-78.25l408.439-408.349z"
        ],
        "attrs": [
          {
            "fill": "rgb(253, 146, 34)"
          }
        ],
        "isMulticolor": false,
        "isMulticolor2": false,
        "grid": 0,
        "tags": [
          "spoon"
        ],
        "colorPermutations": {
          "1253146341": [
            {
              "f": 1
            }
          ]
        }
      },
      "attrs": [
        {
          "fill": "rgb(253, 146, 34)"
        }
      ],
      "properties": {
        "order": 4,
        "id": 2,
        "name": "spoon",
        "prevSize": 32
      },
      "setIdx": 1,
      "setId": 0,
      "iconIdx": 0
    },
    {
      "icon": {
        "paths": [
          "M442.304 77.216l240.864 241.152 2.56-2.56c5.046-4.938 11.802-7.738 18.861-7.816s13.875 2.573 19.027 7.4l27.936 27.936c9.76 9.76 10.080 24.64 2.656 35.008l-0.128 0.224-4.576 6.144 197.12 197.12c17.6 17.6 17.6 45.76 0 63.36l-301.76 301.76c-17.6 17.6-45.76 17.6-63.36 0l-142.304-142.304c-2.362 2.979-5.331 5.424-8.707 7.174s-7.082 2.765-10.88 2.979c-3.795 0.214-7.594-0.378-11.146-1.734-3.552-1.36-6.774-3.453-9.459-6.147l-83.2-83.2c-4.938-5.043-7.738-11.802-7.816-18.861s2.573-13.875 7.4-19.027l0.192-0.224 2.464-2.432-240.864-240.864c-17.6-17.6-17.6-45.76 0-63.36l301.76-301.76c17.6-17.6 45.76-17.6 63.36 0v0.032zM652.928 348.576l-56.192-56.16c-1.766-1.821-3.878-3.269-6.214-4.258s-4.848-1.498-7.386-1.498c-2.538 0-5.046 0.509-7.382 1.498s-4.451 2.437-6.218 4.258l-114.56 114.56c-1.814 1.802-3.254 3.946-4.237 6.307-0.986 2.362-1.491 4.896-1.491 7.453s0.506 5.091 1.491 7.453c0.982 2.362 2.422 4.506 4.237 6.307l55.968 55.968 19.52-19.52-50.080-50.080 102.72-103.040 50.208 50.368 19.616-19.616zM490.496 510.88l-56.128-56.128c-1.766-1.821-3.878-3.27-6.214-4.259s-4.848-1.498-7.386-1.498c-2.538 0-5.046 0.509-7.382 1.498s-4.451 2.438-6.218 4.259l-114.88 114.88c-7.68 7.36-7.68 19.52 0 27.2l56.064 56.064 19.712-19.712-50.24-50.048 103.040-102.72 50.048 50.016 19.584-19.552zM282.304 262.176l114.56 114.56c7.68 7.68 19.84 7.68 27.2-0.32l114.56-114.56c1.821-1.733 3.27-3.819 4.259-6.129 0.992-2.31 1.501-4.797 1.501-7.311h0.32c0-4.8-1.92-9.92-5.76-13.76l-114.56-114.56c-1.798-1.819-3.942-3.263-6.304-4.248s-4.896-1.493-7.456-1.493c-2.56 0-5.091 0.508-7.456 1.493-2.362 0.986-4.502 2.429-6.304 4.248l-114.56 114.88c-7.68 7.36-7.68 19.52 0 27.2zM120.064 424.416l114.56 114.56c7.68 7.68 19.84 7.68 27.2 0l114.56-114.56c1.859-1.77 3.331-3.907 4.323-6.275s1.482-4.918 1.437-7.485h0.32c0-5.12-1.92-9.92-5.76-13.76l-114.56-114.56c-1.766-1.821-3.88-3.269-6.216-4.258s-4.847-1.498-7.384-1.498c-2.537 0-5.048 0.509-7.384 1.498s-4.45 2.437-6.216 4.258l-114.88 114.88c-7.68 7.36-7.68 19.52 0 27.2zM341.92 704.544l75.584 75.616 308.352-417.28-20.96-20.96-362.976 362.624z",
          "M442.304 77.216l240.864 241.152 2.56-2.56c5.046-4.938 11.802-7.738 18.861-7.816s13.875 2.573 19.027 7.4l27.936 27.936c9.76 9.76 10.080 24.64 2.656 35.008l-0.128 0.224-4.576 6.144 197.12 197.12c17.6 17.6 17.6 45.76 0 63.36l-301.76 301.76c-17.6 17.6-45.76 17.6-63.36 0l-142.304-142.304c-2.362 2.979-5.331 5.424-8.707 7.174s-7.082 2.765-10.88 2.979c-3.795 0.214-7.594-0.378-11.146-1.734-3.552-1.36-6.774-3.453-9.459-6.147l-83.2-83.2c-4.938-5.043-7.738-11.802-7.816-18.861s2.573-13.875 7.4-19.027l0.192-0.224 2.464-2.432-240.864-240.864c-17.6-17.6-17.6-45.76 0-63.36l301.76-301.76c17.6-17.6 45.76-17.6 63.36 0v0.032zM652.928 348.576l-56.192-56.16c-1.766-1.821-3.878-3.269-6.214-4.258s-4.848-1.498-7.386-1.498c-2.538 0-5.046 0.509-7.382 1.498s-4.451 2.437-6.218 4.258l-114.56 114.56c-1.814 1.802-3.254 3.946-4.237 6.307-0.986 2.362-1.491 4.896-1.491 7.453s0.506 5.091 1.491 7.453c0.982 2.362 2.422 4.506 4.237 6.307l55.968 55.968 19.52-19.52-50.080-50.080 102.72-103.040 50.208 50.368 19.616-19.616zM490.496 510.88l-56.128-56.128c-1.766-1.821-3.878-3.27-6.214-4.259s-4.848-1.498-7.386-1.498c-2.538 0-5.046 0.509-7.382 1.498s-4.451 2.438-6.218 4.259l-114.88 114.88c-7.68 7.36-7.68 19.52 0 27.2l56.064 56.064 19.712-19.712-50.24-50.048 103.040-102.72 50.048 50.016 19.584-19.552zM282.304 262.176l114.56 114.56c7.68 7.68 19.84 7.68 27.2-0.32l114.56-114.56c1.821-1.733 3.27-3.819 4.259-6.129 0.992-2.31 1.501-4.797 1.501-7.311h0.32c0-4.8-1.92-9.92-5.76-13.76l-114.56-114.56c-1.798-1.819-3.942-3.263-6.304-4.248s-4.896-1.493-7.456-1.493c-2.56 0-5.091 0.508-7.456 1.493-2.362 0.986-4.502 2.429-6.304 4.248l-114.56 114.88c-7.68 7.36-7.68 19.52 0 27.2zM120.064 424.416l114.56 114.56c7.68 7.68 19.84 7.68 27.2 0l114.56-114.56c1.859-1.77 3.331-3.907 4.323-6.275s1.482-4.918 1.437-7.485h0.32c0-5.12-1.92-9.92-5.76-13.76l-114.56-114.56c-1.766-1.821-3.88-3.269-6.216-4.258s-4.847-1.498-7.384-1.498c-2.537 0-5.048 0.509-7.384 1.498s-4.45 2.437-6.216 4.258l-114.88 114.88c-7.68 7.36-7.68 19.52 0 27.2zM341.92 704.544l75.584 75.616 308.352-417.28-20.96-20.96-362.976 362.624z"
        ],
        "attrs": [
          {
            "fill": "rgb(0, 0, 0)"
          },
          {
            "fill": "rgb(253, 146, 34)"
          }
        ],
        "isMulticolor": true,
        "isMulticolor2": false,
        "grid": 0,
        "tags": [
          "chocolate"
        ],
        "colorPermutations": {
          "1253146341": [
            {
              "f": 0
            },
            {
              "f": 1
            }
          ]
        }
      },
      "attrs": [
        {
          "fill": "rgb(0, 0, 0)"
        },
        {
          "fill": "rgb(253, 146, 34)"
        }
      ],
      "properties": {
        "order": 5,
        "id": 1,
        "name": "chocolate",
        "prevSize": 32
      },
      "setIdx": 1,
      "setId": 0,
      "iconIdx": 1
    },
    {
      "icon": {
        "paths": [
          "M512 85.332c-234.666 0-426.666 192-426.666 426.668 0 234.666 192 426.666 426.666 426.666 234.669 0 426.669-192 426.669-426.666 0-234.668-192-426.668-426.669-426.668zM512 853.331c-187.731 0-341.333-153.6-341.333-341.331 0-187.734 153.602-341.335 341.333-341.335 187.734 0 341.334 153.6 341.334 341.335 0 187.731-153.6 341.331-341.334 341.331z",
          "M567.469 469.334h-110.934c-21.334 0-38.4-17.069-38.4-38.4 0-21.334 17.066-38.4 38.4-38.4h157.866c25.6 0 42.669-17.069 42.669-42.669s-17.069-42.666-42.669-42.666h-59.731v-38.4c0-25.6-17.069-42.667-42.669-42.667s-42.666 17.067-42.666 42.667v38.4h-12.8c-68.266 0-123.734 55.466-123.734 123.735 0 68.266 55.469 123.731 123.734 123.731h106.666c21.334 0 38.4 17.066 38.4 38.4s-17.066 38.4-38.4 38.4h-157.866c-25.6 0-42.666 17.069-42.666 42.669s17.066 42.666 42.666 42.666h64v38.4c0 25.6 17.066 42.666 42.666 42.666s42.669-17.066 42.669-42.666v-38.4h12.8c68.266 0 123.731-55.466 123.731-123.734 0-68.266-55.466-123.731-123.731-123.731z"
        ],
        "attrs": [
          {
            "fill": "rgb(253, 146, 34)"
          },
          {
            "fill": "rgb(253, 146, 34)"
          }
        ],
        "isMulticolor": false,
        "isMulticolor2": false,
        "grid": 0,
        "tags": [
          "coin"
        ],
        "colorPermutations": {
          "1253146341": [
            {
              "f": 1
            },
            {
              "f": 1
            }
          ]
        }
      },
      "attrs": [
        {
          "fill": "rgb(253, 146, 34)"
        },
        {
          "fill": "rgb(253, 146, 34)"
        }
      ],
      "properties": {
        "order": 6,
        "id": 0,
        "name": "coin",
        "prevSize": 32
      },
      "setIdx": 1,
      "setId": 0,
      "iconIdx": 2
    }
  ],
  "height": 1024,
  "preferences": {
    "showGlyphs": true,
    "showQuickUse": true,
    "showQuickUse2": true,
    "showSVGs": true,
    "fontPref": {
      "prefix": "_icon-",
      "metadata": {
        "fontFamily": "icons",
        "majorVersion": 1,
        "minorVersion": 0
      },
      "metrics": {
        "emSize": 1024,
        "baseline": 6.25,
        "whitespace": 50
      },
      "embed": false,
      "noie8": true,
      "ie7": false,
      "showSelector": true
    },
    "imagePref": {
      "prefix": "icon-",
      "png": true,
      "useClassSelector": true,
      "color": 0,
      "bgColor": 16777215,
      "classSelector": ".icon",
      "name": "icomoon"
    },
    "historySize": 50,
    "showCodes": true,
    "gridSize": 16
  }
}